"""This server's clock is too far from Quissly's, so every request is "" . 'rejected. Check NTP on the server.'","""This server's clock is too far from Quissly's, so every request is "" . 'rejected. Check NTP on the server.'"
"<strong>Before switching this on, set up your chat in the Quissly Admin Panel (Quissly &gt; Quissly Admin Panel in the menu): languages, colors, greeting and how the widget looks.</strong> The chat bubble appears on every storefront page the moment this is saved, exactly as configured there - so configure it first, then turn it on.","<strong>Before switching this on, set up your chat in the Quissly Admin Panel (Quissly &gt; Quissly Admin Panel in the menu): languages, colors, greeting and how the widget looks.</strong> The chat bubble appears on every storefront page the moment this is saved, exactly as configured there - so configure it first, then turn it on."
"A compact list of names, or larger cards with images and prices.","A compact list of names, or larger cards with images and prices."
"A keypair already exists. Generating a new one invalidates the currently registered key - Quissly requests will fail until you register the new public key. Click again to confirm.","A keypair already exists. Generating a new one invalidates the currently registered key - Quissly requests will fail until you register the new public key. Click again to confirm."
"A recent attempt failed (%1), but not consistently enough to confirm (last tried %2).","A recent attempt failed (%1), but not consistently enough to confirm (last tried %2)."
"A recent attempt failed, but not consistently enough to confirm (last tried %1).","A recent attempt failed, but not consistently enough to confirm (last tried %1)."
"AI Search","AI Search"
"AI Search is disabled.","AI Search is disabled."
"API Token","API Token"
"API base URL (advanced)","API base URL (advanced)"
"Account: %1.","Account: %1."
"As a shopper types, show recommended products straight
                        away in a dropdown under the search box, so they can jump to an item
                        without running a full search. Replaces Magento's own search dropdown.","As a shopper types, show recommended products straight
                        away in a dropdown under the search box, so they can jump to an item
                        without running a full search. Replaces Magento's own search dropdown."
"Carousel - large cards you can scroll through","Carousel - large cards you can scroll through"
"Chat (QChat)","Chat (QChat)"
"Check your Quissly plan.","Check your Quissly plan."
"Close","Close"
"Complete - interception is unlocked for this website.","Complete - interception is unlocked for this website."
"Configuration","Configuration"
"Configured","Configured"
"Connect to Quissly","Connect to Quissly"
"Connected to Quissly.","Connected to Quissly."
"Connected to Quissly. Start your first catalog sync from the Quissly Dashboard - search switches on once it finishes.","Connected to Quissly. Start your first catalog sync from the Quissly Dashboard - search switches on once it finishes."
"Connection","Connection"
"Connection health","Connection health"
"Console URL (advanced)","Console URL (advanced)"
"Could not connect to Quissly: %1","Could not connect to Quissly: %1"
"Could not generate a keypair on this server.","Could not generate a keypair on this server."
"Could not reach Quissly at %1. Check the connection and try again.","Could not reach Quissly at %1. Check the connection and try again."
"Could not read that photo.","Could not read that photo."
"Could not start the sync. Check var/log/quissly.log for details.","Could not start the sync. Check var/log/quissly.log for details."
"Creates your Quissly account for this store and connects it. There is nothing to copy or paste, and nothing to set up on the Quissly side afterwards.","Creates your Quissly account for this store and connects it. There is nothing to copy or paste, and nothing to set up on the Quissly side afterwards."
"Credentials","Credentials"
"Credentials incomplete (token + keys required).","Credentials incomplete (token + keys required)."
"Dashboard","Dashboard"
"Demo","Demo"
"Detail","Detail"
"Details","Details"
"Development","Development"
"Enable AI Search","Enable AI Search"
"Enable Image Search","Enable Image Search"
"Enable QChat Widget","Enable QChat Widget"
"Enable Voice Search","Enable Voice Search"
"Enabled by Quissly","Enabled by Quissly"
"Enabled by you","Enabled by you"
"Enter a full URL including the scheme, for example https://api.quissly.com.","Enter a full URL including the scheme, for example https://api.quissly.com."
"Enter the email address for your Quissly account.","Enter the email address for your Quissly account."
"Environment","Environment"
"Feature","Feature"
"Features","Features"
"Features - both switches must be on","Features - both switches must be on"
"First catalog sync","First catalog sync"
"From Quissly. Needed only to open the Quissly panel inside this admin.","From Quissly. Needed only to open the Quissly panel inside this admin."
"Image search","Image search"
"Image search is unavailable right now.","Image search is unavailable right now."
"Immersive Search Overlay","Immersive Search Overlay"
"Keypair generated. Register this public key in your Quissly console, then run Test Connection.","Keypair generated. Register this public key in your Quissly console, then run Test Connection."
"Keys & Connection","Keys & Connection"
"Last call failed: %1","Last call failed: %1"
"Leave empty to use Quissly's production API (https://api.quissly.com). Set this only if Quissly directed you to a different host (a dev/staging deployment, or a regional endpoint).","Leave empty to use Quissly's production API (https://api.quissly.com). Set this only if Quissly directed you to a different host (a dev/staging deployment, or a regional endpoint)."
"Leave empty unless Quissly directs you elsewhere.","Leave empty unless Quissly directs you elsewhere."
"Leave empty unless Quissly directs you elsewhere. Only files on the
                        Quissly CDN are accepted.","Leave empty unless Quissly directs you elsewhere. Only files on the
                        Quissly CDN are accepted."
"List - thumbnail, name and price per row","List - thumbnail, name and price per row"
"Listening…","Listening…"
"Live","Live"
"Microphone unavailable.","Microphone unavailable."
"Missing - add them in Configuration","Missing - add them in Configuration"
"No","No"
"No agent id configured.","No agent id configured."
"No similar products found.","No similar products found."
"No website was specified for the sync.","No website was specified for the sync."
"Not checked yet","Not checked yet"
"Not checked yet - no shopper has used this feature recently.","Not checked yet - no shopper has used this feature recently."
"Not complete. Until it finishes, searches use native search.","Not complete. Until it finishes, searches use native search."
"Not live yet","Not live yet"
"Nothing found - try again.","Nothing found - try again."
"Only used when your theme has no search box. A CSS selector for an existing header control - your cart, account or language switcher - and the search button is placed just to its left, in your theme's own icon style. Leave empty to auto-detect: the cart, then the account link, then the language switcher, else a floating button at the bottom-left. Example: <code>.minicart-wrapper</code>","Only used when your theme has no search box. A CSS selector for an existing header control - your cart, account or language switcher - and the search button is placed just to its left, in your theme's own icon style. Leave empty to auto-detect: the cart, then the account link, then the language switcher, else a floating button at the bottom-left. Example: <code>.minicart-wrapper</code>"
"Open the Quissly panel in a new tab","Open the Quissly panel in a new tab"
"Panel URL (advanced)","Panel URL (advanced)"
"Presentation only - needs no Quissly enablement.","Presentation only - needs no Quissly enablement."
"Production","Production"
"Progress: %1 of %2 sent, %3 failed.","Progress: %1 of %2 sent, %3 failed."
"Project id: %1 - quote this to Quissly support.","Project id: %1 - quote this to Quissly support."
"QChat Agent ID","QChat Agent ID"
"QChat bundle URL (advanced)","QChat bundle URL (advanced)"
"Queued %1 products for website %2. The sync cron will process them.","Queued %1 products for website %2. The sync cron will process them."
"Queues every eligible product. The sync cron sends them in batches.","Queues every eligible product. The sync cron sends them in batches."
"Quick Recommendations","Quick Recommendations"
"Quick Recommendations style","Quick Recommendations style"
"Quick suggestions","Quick suggestions"
"Quissly skipped this search: %1","Quissly skipped this search: %1"
"Quissly","Quissly"
"Quissly Dashboard","Quissly Dashboard"
"Quissly Admin Panel","Quissly Admin Panel"
"Quissly account email","Quissly account email"
"Quissly could not serve this (%1, last checked %2).","Quissly could not serve this (%1, last checked %2)."
"Quissly did not accept this store's credentials.","Quissly did not accept this store's credentials."
"Quissly has not enabled this for your account (last checked %1).","Quissly has not enabled this for your account (last checked %1)."
"Quissly is not accepting catalog updates for %1. Products changed since then are queued and will send once this is resolved - nothing has been lost. %2 See Quissly > Dashboard for details.","Quissly is not accepting catalog updates for %1. Products changed since then are queued and will send once this is resolved - nothing has been lost. %2 See Quissly > Dashboard for details."
"Quissly panel","Quissly panel"
"Quissly project id","Quissly project id"
"Quissly refused the sign-in at %1. Check that this store's account email and project id belong to that Quissly environment - the account Quissly created for this store, not a personal login.","Quissly refused the sign-in at %1. Check that this store's account email and project id belong to that Quissly environment - the account Quissly created for this store, not a personal login."
"Quissly search on your storefront","Quissly search on your storefront"
"Reading photo…","Reading photo…"
"Results by Magento search","Results by Magento search"
"Results by Quissly","Results by Quissly"
"Run the first catalog sync before switching this on. Until Quissly has your products, searches would return nothing at all. Start it under Quissly > Dashboard in the menu.","Run the first catalog sync before switching this on. Until Quissly has your products, searches would return nothing at all. Start it under Quissly > Dashboard in the menu."
"Run the first catalog sync from the Quissly Dashboard before switching this on.","Run the first catalog sync from the Quissly Dashboard before switching this on."
"Running now.","Running now."
"Search","Search"
"Search button mount point","Search button mount point"
"Search by photo","Search by photo"
"Search by voice","Search by voice"
"Search interception activates only after the first full catalog sync completes for this website.","Search interception activates only after the first full catalog sync completes for this website."
"Search overlay","Search overlay"
"Search products…","Search products…"
"Searching…","Searching…"
"See all","See all"
"Set this website's base URL before connecting.","Set this website's base URL before connecting."
"Setting up your Quissly account. This can take a few minutes - please leave this page open and do not refresh.","Setting up your Quissly account. This can take a few minutes - please leave this page open and do not refresh."
"Setting up your account...","Setting up your account..."
"Shoppers are getting Magento's own search results for now.","Shoppers are getting Magento's own search results for now."
"Shoppers searching your store are getting Quissly results.","Shoppers searching your store are getting Quissly results."
"Shoppers see native search; last connection failure: %1","Shoppers see native search; last connection failure: %1"
"Staging","Staging"
"Start full catalog sync","Start full catalog sync"
"Storefront search is served by Quissly.","Storefront search is served by Quissly."
"Test","Test"
"That file is not an image.","That file is not an image."
"The API URL must use https. Every request to it carries your API token, which would be readable in transit over http.","The API URL must use https. Every request to it carries your API token, which would be readable in transit over http."
"The account Quissly created for this store, not your own Quissly
                        login &mdash; a personal login is refused. Ask Quissly if you are unsure.","The account Quissly created for this store, not your own Quissly
                        login &mdash; a personal login is refused. Ask Quissly if you are unsure."
"The bearer token from your Quissly console. Stored encrypted.","The bearer token from your Quissly console. Stored encrypted."
"The cause differs by website.","The cause differs by website."
"The chat widget talks to Quissly directly; this module cannot verify it.","The chat widget talks to Quissly directly; this module cannot verify it."
"The environment your Quissly credential is registered under. Leave ""prod"" unless Quissly told you otherwise.","The environment your Quissly credential is registered under. Leave ""prod"" unless Quissly told you otherwise."
"The first catalog sync has not finished - %1 of %2 products sent, %3 still queued. Turning this on now would search an incomplete catalog. Watch it finish under Quissly > Dashboard in the menu, then switch this on.","The first catalog sync has not finished - %1 of %2 products sent, %3 still queued. Turning this on now would search an incomplete catalog. Watch it finish under Quissly > Dashboard in the menu, then switch this on."
"The last sync finished without sending any products, so interception stays off. Check the connection, then start it again.","The last sync finished without sending any products, so interception stays off. Check the connection, then start it again."
"The panel is unavailable right now.","The panel is unavailable right now."
"The public QChat agent identifier - not your API token.","The public QChat agent identifier - not your API token."
"This installation has no default store view.","This installation has no default store view."
"This store is not connected to Quissly yet. Your panel will load here automatically once it is. Go to Stores > Configuration > Quissly and press Connect to Quissly to get started.","This store is not connected to Quissly yet. Your panel will load here automatically once it is. Go to Stores > Configuration > Quissly and press Connect to Quissly to get started."
"This usually takes two to three minutes.","This usually takes two to three minutes."
"This website has no storefront to connect.","This website has no storefront to connect."
"This website is already connected to Quissly. Connecting again would create a second account and abandon the products already synced to this one. Ask Quissly if you need to move to a different account.","This website is already connected to Quissly. Connecting again would create a second account and abandon the products already synced to this one. Ask Quissly if you need to move to a different account."
"This website uses the same Quissly service as another website. If they share any products, each sync overwrites the other's copy - including title, description, URL and stock. Give each website its own Quissly service unless their catalogues are entirely separate.","This website uses the same Quissly service as another website. If they share any products, each sync overwrites the other's copy - including title, description, URL and stock. Give each website its own Quissly service unless their catalogues are entirely separate."
"Unknown","Unknown"
"Voice search","Voice search"
"Voice search is unavailable right now.","Voice search is unavailable right now."
"Wait for the first catalog sync to finish - %1 of %2 sent, %3 still queued. Watch it on the Quissly Dashboard.","Wait for the first catalog sync to finish - %1 of %2 sent, %3 still queued. Watch it on the Quissly Dashboard."
"Waiting for the first catalog sync to finish before this can be switched on - %1 of %2 sent, %3 still queued. Watch it on the Quissly Dashboard.","Waiting for the first catalog sync to finish before this can be switched on - %1 of %2 sent, %3 still queued. Watch it on the Quissly Dashboard."
"Waiting for the first full catalog sync.","Waiting for the first full catalog sync."
"Website %1 has no default store.","Website %1 has no default store."
"When on, clicking the storefront search box opens a full-width search bar at the top of a blurred page, with Quick's suggestions under it when Quick is on. Purely a presentation change - results are unaffected. Leave off to keep your theme's native search box behaviour. <strong>If your theme has no search box at all</strong>, Quissly adds a search button whatever this is set to, since it is then the only way to search; see the mount point below to say where it goes.","When on, clicking the storefront search box opens a full-width search bar at the top of a blurred page, with Quick's suggestions under it when Quick is on. Purely a presentation change - results are unaffected. Leave off to keep your theme's native search box behaviour. <strong>If your theme has no search box at all</strong>, Quissly adds a search button whatever this is set to, since it is then the only way to search; see the mount point below to say where it goes."
"Working when last used (%1).","Working when last used (%1)."
"Yes","Yes"
"Your account, search service and credentials are all created during it. Leave this page open while it runs - closing or refreshing it can leave the account half-created, and connecting a second time is refused.","Your account, search service and credentials are all created during it. Leave this page open while it runs - closing or refreshing it can leave the account half-created, and connecting a second time is refused."
"Your email","Your email"
"no website","no website"
"Setting up your store","Setting up your store"
"Setting up your Quissly account. This takes two to three minutes - please leave this page open.","Setting up your Quissly account. This takes two to three minutes - please leave this page open."
"Request failed - check the browser console.","Request failed - check the browser console."
"Your store is still being set up. The first catalog sync can start in %1 seconds.","Your store is still being set up. The first catalog sync can start in %1 seconds."
"Results for your photo","Results for your photo"
"Results for your recording","Results for your recording"
"Last sync %1: %2 sent, %3 failed, %4 still queued.","Last sync %1: %2 sent, %3 failed, %4 still queued."
"This sync stopped before it finished. Start it again to continue.","This sync stopped before it finished. Start it again to continue."
"Catalog data","Catalog data"
"Product attributes sent to Quissly","Product attributes sent to Quissly"
"Your catalog is being re-sent to Quissly with the new attribute list (%1 products). Follow the progress on Quissly > Dashboard.","Your catalog is being re-sent to Quissly with the new attribute list (%1 products). Follow the progress on Quissly > Dashboard."
"No chat agent on Quissly's side for this store - reconnect, or set the QChat Agent ID under Features.","No chat agent on Quissly's side for this store - reconnect, or set the QChat Agent ID under Features."
"Chat agent %1 exists on Quissly's side. The widget talks to Quissly directly from the shopper's browser, so this page cannot see chat traffic - open the chat on your storefront to try it.","Chat agent %1 exists on Quissly's side. The widget talks to Quissly directly from the shopper's browser, so this page cannot see chat traffic - open the chat on your storefront to try it."
"Chat agent %1 is ready on Quissly's side. Switch QChat on under Features once the first catalog sync has finished; the widget then appears on every storefront page.","Chat agent %1 is ready on Quissly's side. Switch QChat on under Features once the first catalog sync has finished; the widget then appears on every storefront page."
"Chat agent %1 is ready on Quissly's side. Switch QChat on under Features; the widget then appears on every storefront page.","Chat agent %1 is ready on Quissly's side. Switch QChat on under Features; the widget then appears on every storefront page."
"After first sync","After first sync"
"Enabled with your first catalog sync. A refusal from Quissly would show here.","Enabled with your first catalog sync. A refusal from Quissly would show here."
"Quissly enables this once the first catalog sync has finished.","Quissly enables this once the first catalog sync has finished."
"Quissly search namespace","Quissly search namespace"
"Set by Quissly. Lets the chat's Add to Cart find your products.","Set by Quissly. Lets the chat's Add to Cart find your products."
"Up to %1 search bar suggestions.","Up to %1 search bar suggestions."
"Keep each search bar suggestion under %1 characters.","Keep each search bar suggestion under %1 characters."
"Search isn't set up for this store in Quissly yet, so there is nowhere to save search bar suggestions.","Search isn't set up for this store in Quissly yet, so there is nowhere to save search bar suggestions."
"Couldn't sign in to Quissly to save the search bar suggestions. Please try again.","Couldn't sign in to Quissly to save the search bar suggestions. Please try again."
"Couldn't save the search bar suggestions. Please try again.","Couldn't save the search bar suggestions. Please try again."
"Available once the store is connected and its first catalog sync has created search in Quissly - or Quissly could not be reached just now; reload to try again.","Available once the store is connected and its first catalog sync has created search in Quissly - or Quissly could not be reached just now; reload to try again."
"Search bar suggestions","Search bar suggestions"
"Example searches the search overlay types, letter by letter, into its empty search bar, in random order, so shoppers see what they can ask. They stop the moment a shopper starts typing.","Example searches the search overlay types, letter by letter, into its empty search bar, in random order, so shoppers see what they can ask. They stop the moment a shopper starts typing."
"Show typing suggestions","Show typing suggestions"
"Suggestions","Suggestions"
"Left empty, suggestions are generated from your catalog after the first catalog sync - each one checked to find products.","Left empty, suggestions are generated from your catalog after the first catalog sync - each one checked to find products."
"%1 of %2. 10 is usually more than enough, but you can add up to %2.","%1 of %2. 10 is usually more than enough, but you can add up to %2."
"Creating your Quissly account...","Creating your Quissly account..."
"Saving...","Saving..."
"Going live...","Going live..."
"Pick a plan to continue","Pick a plan to continue"
"Save %1/yr","Save %1/yr"
"Save %1%","Save %1%"
"We have not seen the payment yet. Finish it in the other tab, then press ""I have paid"".","We have not seen the payment yet. Finish it in the other tab, then press ""I have paid""."
"Payment not received yet.","Payment not received yet."
"Could not reach the server. Try again in a minute.","Could not reach the server. Try again in a minute."
"Setting up...","Setting up..."
"Ready","Ready"
"Needs attention","Needs attention"
"Done","Done"
"Running","Running"
"Waiting","Waiting"
"Failed","Failed"
"Human agents only","Human agents only"
"no AI messages","no AI messages"
"AI messages / mo","AI messages / mo"
"searches / mo","searches / mo"
"%1 per %2","%1 per %2"
"extra requests","extra requests"
"None","None"
"Free forever - no card","Free forever - no card"
"%1-day free trial","%1-day free trial"
"billed monthly","billed monthly"
"billed %1 yearly","billed %1 yearly"
"Start the free plan","Start the free plan"
"Continue with %1","Continue with %1"
"%1 · free","%1 · free"
"%1 · %2/mo · billed monthly","%1 · %2/mo · billed monthly"
"%1 · %2/mo · billed yearly","%1 · %2/mo · billed yearly"
"Free","Free"
"Basic","Basic"
"Starter","Starter"
"Growth","Growth"
"Scale","Scale"
"Your catalog is still on its way to Quissly. Go live unlocks when it is ready.","Your catalog is still on its way to Quissly. Go live unlocks when it is ready."
"Quissly search is live on your store.","Quissly search is live on your store."
"Quissly Setup","Quissly Setup"
"Connect the store first.","Connect the store first."
"Choose a plan to continue.","Choose a plan to continue."
"Unknown request.","Unknown request."
"Quissly did not recognise this store. Check the connection in Configuration.","Quissly did not recognise this store. Check the connection in Configuration."
"Paid plans are not on sale yet. You can start on the free plan now.","Paid plans are not on sale yet. You can start on the free plan now."
"The payment provider did not answer. Try again in a minute.","The payment provider did not answer. Try again in a minute."
"Billing is not available right now. Try again later.","Billing is not available right now. Try again later."
"Could not reach Quissly. Try again in a minute.","Could not reach Quissly. Try again in a minute."
"Quissly is building your search service.","Quissly is building your search service."
"Your catalog is searchable.","Your catalog is searchable."
"%1 products sent.","%1 products sent."
"No products reached Quissly. Check the log, then start the sync again.","No products reached Quissly. Check the log, then start the sync again."
"The sync stopped before it finished. Start it again to continue.","The sync stopped before it finished. Start it again to continue."
"%1 of %2 products sent.","%1 of %2 products sent."
"Starting...","Starting..."
"Starts as soon as the search service is ready.","Starts as soon as the search service is ready."
"Your details","Your details"
"Choose a plan","Choose a plan"
"Go live","Go live"
"Quissly account","Quissly account"
"Search service","Search service"
"Catalog sync","Catalog sync"
"Ready to search","Ready to search"
"Let's get Quissly running on your store","Let's get Quissly running on your store"
"Three short steps. Nothing reaches your storefront until you go live.","Three short steps. Nothing reaches your storefront until you go live."
"Setup progress","Setup progress"
"%1 of %2","%1 of %2"
"Step %1 of %2","Step %1 of %2"
"We use this email for your Quissly account and billing notifications.","We use this email for your Quissly account and billing notifications."
"Email","Email"
"Your store is connected to this Quissly account.","Your store is connected to this Quissly account."
"Account and billing emails go here. This can't be changed later.","Account and billing emails go here. This can't be changed later."
"Store name","Store name"
"Your Quissly workspace is named after it. Left empty, it is named after %1.","Your Quissly workspace is named after it. Left empty, it is named after %1."
"What happens next","What happens next"
"Pick a plan","Pick a plan"
"Start free, or try a paid plan for 14 days.","Start free, or try a paid plan for 14 days."
"Your catalog syncs","Your catalog syncs"
"Your products are sent to Quissly in the background.","Your products are sent to Quissly in the background."
"Switch Quissly search on once your catalog is ready.","Switch Quissly search on once your catalog is ready."
"Nothing is charged and nothing is published until you say so.","Nothing is charged and nothing is published until you say so."
"One click creates your Quissly account and connects this store.","One click creates your Quissly account and connects this store."
"Continue","Continue"
"Connect & continue","Connect & continue"
"Billing","Billing"
"Monthly","Monthly"
"Pay as you go","Pay as you go"
"Annual","Annual"
"Quissly's plans could not be loaded just now. You can carry on and choose a plan later in the Quissly Admin Panel.","Quissly's plans could not be loaded just now. You can carry on and choose a plan later in the Quissly Admin Panel."
"Your store is on %1. You can change plans any time in the Quissly Admin Panel.","Your store is on %1. You can change plans any time in the Quissly Admin Panel."
"Paid plans open soon. Start on the free plan now and upgrade any time.","Paid plans open soon. Start on the free plan now and upgrade any time."
"Chat","Chat"
"Plans","Plans"
"Opens soon","Opens soon"
"Most popular","Most popular"
"/mo","/mo"
"Finish the payment in the tab that opened. This page moves on by itself once Quissly has it.","Finish the payment in the tab that opened. This page moves on by itself once Quissly has it."
"Open the payment page again","Open the payment page again"
"I have paid","I have paid"
"Back","Back"
"Continue without a plan","Continue without a plan"
"Your catalog is on its way to Quissly. Once it is ready, going live switches Quissly search on for your shoppers.","Your catalog is on its way to Quissly. Once it is ready, going live switches Quissly search on for your shoppers."
"Quissly answers your store's search","Quissly answers your store's search"
"Your theme still shows the results, as it does today.","Your theme still shows the results, as it does today."
"Your own search stays as the safety net","Your own search stays as the safety net"
"If Quissly ever cannot answer, Magento's search does.","If Quissly ever cannot answer, Magento's search does."
"Everything else is in Configuration","Everything else is in Configuration"
"Chat, voice and image search, and the search bar.","Chat, voice and image search, and the search bar."
"Quissly account setup","Quissly account setup"
"Running in the background. Go live unlocks when it is done.","Running in the background. Go live unlocks when it is done."
"Start the sync again","Start the sync again"
"Usually a few minutes. This page updates itself - no refresh needed.","Usually a few minutes. This page updates itself - no refresh needed."
"Go live unlocks when your catalog is ready.","Go live unlocks when your catalog is ready."
"Each selected attribute travels with every product as metadata and is written into the text Quissly searches, so ""linen"", ""merino"" or a brand name match even when the description never says so. Pre-filled with the attributes shoppers usually search by; internal ones (cost, pricing, SEO, layout) are never offered. <strong>Saving a changed list re-sends your whole catalog</strong> so existing products pick it up - allow the sync a few minutes on a large store.","Each selected attribute travels with every product as metadata and is written into the text Quissly searches, so ""linen"", ""merino"" or a brand name match even when the description never says so. Pre-filled with the attributes shoppers usually search by; internal ones (cost, pricing, SEO, layout) are never offered. <strong>Saving a changed list re-sends your whole catalog</strong> so existing products pick it up - allow the sync a few minutes on a large store."
"Description","Description"
"(optional)","(optional)"
"Drafted from your store. A short note on what you sell, so Quissly and your team recognise this workspace.","Drafted from your store. A short note on what you sell, so Quissly and your team recognise this workspace."
"Preview","Preview"
"Workspace","Workspace"
"No description yet.","No description yet."
"Compare all features","Compare all features"
"← Back to plan cards","← Back to plan cards"
"Email is required.","Email is required."
"Enter a valid email address, like name@example.com.","Enter a valid email address, like name@example.com."
"Email address is too long.","Email address is too long."
"Use an address on a real, public domain.","Use an address on a real, public domain."
"Use letters, numbers, spaces and hyphens in the store name.","Use letters, numbers, spaces and hyphens in the store name."
"Free plan","Free plan"
"%1 days","%1 days"
"Quissly is still building your services. Try again in a minute.","Quissly is still building your services. Try again in a minute."
"Setup saved. Quissly search stays off until you switch it on in Configuration, once your catalog has synced.","Setup saved. Quissly search stays off until you switch it on in Configuration, once your catalog has synced."
"Your catalog is still on its way to Quissly. Finish Setup unlocks when it is ready.","Your catalog is still on its way to Quissly. Finish Setup unlocks when it is ready."
"Not found yet - chat can still be switched on later.","Not found yet - chat can still be switched on later."
"Store identity","Store identity"
"Organization","Organization"
"Project","Project"
"QSearch service","QSearch service"
"QChat service","QChat service"
"Catalog import","Catalog import"
"Letters, numbers, spaces and hyphens. Your Quissly workspace is named after it; left empty, it is named after %1.","Letters, numbers, spaces and hyphens. Your Quissly workspace is named after it; left empty, it is named after %1."
"Compare plans","Compare plans"
"AI messages / month","AI messages / month"
"Searches / month","Searches / month"
"Extra requests","Extra requests"
"Billed yearly","Billed yearly"
"Free trial","Free trial"
"Your catalog is on its way to Quissly. Once it is ready, Finish Setup switches Quissly search on for your shoppers - or save now and switch it on later.","Your catalog is on its way to Quissly. Once it is ready, Finish Setup switches Quissly search on for your shoppers - or save now and switch it on later."
"Running in the background. Finish Setup unlocks when it is done - you can keep working on the left.","Running in the background. Finish Setup unlocks when it is done - you can keep working on the left."
"Finish Setup unlocks when background setup completes.","Finish Setup unlocks when background setup completes."
"Save changes","Save changes"
"Finish Setup","Finish Setup"
"Working...","Working..."
"Finish the payment in the tab that opened. This page updates by itself once Quissly has it.","Finish the payment in the tab that opened. This page updates by itself once Quissly has it."
"We have not seen the payment yet. Reload this page once you have paid.","We have not seen the payment yet. Reload this page once you have paid."
"Change your plan","Change your plan"
"Buy extra requests","Buy extra requests"
"Cancel your plan?","Cancel your plan?"
"Waiting for the payment","Waiting for the payment"
"Something went wrong","Something went wrong"
"Cancel plan","Cancel plan"
"trial ends %1","trial ends %1"
"renews %1","renews %1"
"Your last payment failed. Update your card to keep the plan.","Your last payment failed. Update your card to keep the plan."
"Keep my plan","Keep my plan"
"Promo %1: %2 off each payment.","Promo %1: %2 off each payment."
"Trial","Trial"
"Active","Active"
"Payment failed","Payment failed"
"Buy %1 more for %2","Buy %1 more for %2"
"%1 - %2","%1 - %2"
"Quissly Billing","Quissly Billing"
"The free plan is on.","The free plan is on."
"Payment received - your plan is on.","Payment received - your plan is on."
"Change plan","Change plan"
"Buy now","Buy now"
"%1 extra requests for %2, charged to your saved card now. They carry over to next month while the plan continues.","%1 extra requests for %2, charged to your saved card now. They carry over to next month while the plan continues."
"Payment is being confirmed; the extra requests are added as soon as it lands.","Payment is being confirmed; the extra requests are added as soon as it lands."
"%1 extra requests added.","%1 extra requests added."
"Your plan is cancelled and ends at the end of the paid period.","Your plan is cancelled and ends at the end of the paid period."
"Your plan continues.","Your plan continues."
"The scheduled change is undone.","The scheduled change is undone."
"%1 is charged to your saved card now (the rest of this period), and the new plan starts at once.","%1 is charged to your saved card now (the rest of this period), and the new plan starts at once."
"Nothing is charged or refunded. Your plan changes on %1.","Nothing is charged or refunded. Your plan changes on %1."
"Free during your trial. The plan changes now.","Free during your trial. The plan changes now."
"Your plan changes.","Your plan changes."
"Your plan changes on %1.","Your plan changes on %1."
"Payment is being confirmed; your new plan starts as soon as it lands.","Payment is being confirmed; your new plan starts as soon as it lands."
"Your plan has changed.","Your plan has changed."
"Quissly's billing could not be reached just now. Try again in a minute.","Quissly's billing could not be reached just now. Try again in a minute."
"Paid plans open soon. The free search plan is available now.","Paid plans open soon. The free search plan is available now."
"%1 plan","%1 plan"
"Update card","Update card"
"Your plan stays until the end of the paid period, then ends. Nothing is refunded, and you can keep it any time before then.","Your plan stays until the end of the paid period, then ends. Nothing is refunded, and you can keep it any time before then."
"Add the Quissly chat assistant to your store.","Add the Quissly chat assistant to your store."
"Quissly search needs a plan to answer your shoppers.","Quissly search needs a plan to answer your shoppers."
"Invoices","Invoices"
"Invoices could not be loaded just now.","Invoices could not be loaded just now."
"No payments yet.","No payments yet."
"Date","Date"
"Status","Status"
"PDF","PDF"
"Payments are processed by Paddle, Quissly's merchant of record. Your card is never stored here.","Payments are processed by Paddle, Quissly's merchant of record. Your card is never stored here."
"Cancel","Cancel"
"%1 / month","%1 / month"
"%1 / year","%1 / year"
"%1 AI messages / month","%1 AI messages / month"
"%1 extra this month","%1 extra this month"
"%1 left","%1 left"
"%1 plans","%1 plans"
"%1 search requests / month","%1 search requests / month"
"%1 · %2","%1 · %2"
"%1 · %2 extra requests","%1 · %2 extra requests"
"%1 · for %2","%1 · for %2"
"%1/mo billed monthly · save %2/yr","%1/mo billed monthly · save %2/yr"
"%1: %2","%1: %2"
"Annual saves %1%","Annual saves %1%"
"Approaching your included requests for this period.","Approaching your included requests for this period."
"Billed monthly","Billed monthly"
"Billing cadence","Billing cadence"
"Cancel subscription","Cancel subscription"
"Card on file with Paddle","Card on file with Paddle"
"Confirm plan","Confirm plan"
"Current window: %1 → %2","Current window: %1 → %2"
"Extra requests are bought in blocks and charged to your card at once. They carry over to next month while your plan continues.","Extra requests are bought in blocks and charged to your card at once. They carry over to next month while your plan continues."
"Extra requests: %1 per %2","Extra requests: %1 per %2"
"Free forever - no card required","Free forever - no card required"
"Free · no card needed","Free · no card needed"
"Human agents only - no AI messages","Human agents only - no AI messages"
"Includes QChat","Includes QChat"
"Includes QSearch","Includes QSearch"
"No extra requests","No extra requests"
"No plan selected","No plan selected"
"Payment method","Payment method"
"This is the plan you are on. Pick a different one to change it.","This is the plan you are on. Pick a different one to change it."
"This month's requests are used up. Buy extra requests to keep answering.","This month's requests are used up. Buy extra requests to keep answering."
"Undo the change","Undo the change"
"Unused extra requests carry over","Unused extra requests carry over"
"Unused ones carry over","Unused ones carry over"
"Upgrade plan","Upgrade plan"
"Usage","Usage"
"You are in a free trial. Charges begin when it ends, on %1.","You are in a free trial. Charges begin when it ends, on %1."
"Your plan changes to %1 on %2. You keep your current plan until then.","Your plan changes to %1 on %2. You keep your current plan until then."
"Your plan ends on %1. Nothing more is charged.","Your plan ends on %1. Nothing more is charged."
"ends %1","ends %1"
"%1 (default)","%1 (default)"
"Add","Add"
"Add a suggestion","Add a suggestion"
"Add a suggestion, e.g. waterproof jacket","Add a suggestion, e.g. waterproof jacket"
"Language","Language"
"No list for this language yet: its shoppers see the default list.","No list for this language yet: its shoppers see the default list."
"No suggestions yet. The bar shows its plain placeholder.","No suggestions yet. The bar shows its plain placeholder."
"Remove","Remove"
"Reset to generated","Reset to generated"
"Shoppers see the list for the language they browse your store in. A language with no list of its own uses the default one.","Shoppers see the list for the language they browse your store in. A language with no list of its own uses the default one."
"That suggestion is already in the list.","That suggestion is already in the list."
"Each under 80 characters. Click × to remove one.","Each under 80 characters. Click × to remove one."
