"Close","Fermer"
"Could not read that photo.","Impossible de lire cette photo."
"Details","Détails"
"Image search is unavailable right now.","La recherche par image est indisponible pour le moment."
"Listening…","À l’écoute…"
"Microphone unavailable.","Micro indisponible."
"No similar products found.","Aucun produit similaire trouvé."
"Nothing found - try again.","Rien trouvé - réessayez."
"Quissly skipped this search: %1","Quissly n’a pas traité cette recherche : %1"
"Reading photo…","Lecture de la photo…"
"Results by Magento search","Résultats de la recherche Magento"
"Results by Quissly","Résultats par Quissly"
"Results for your photo","Résultats pour votre photo"
"Results for your recording","Résultats pour votre enregistrement"
"Search","Rechercher"
"Search by photo","Rechercher par photo"
"Search by voice","Rechercher par la voix"
"Search products…","Rechercher des produits…"
"Searching…","Recherche en cours…"
"See all","Tout voir"
"That file is not an image.","Ce fichier n’est pas une image."
"Voice search is unavailable right now.","La recherche vocale est indisponible pour le moment."
